{"stats":{"minecraft:killed_by":{"minecraft:player":2},"minecraft:picked_up":{"minecraft:sand":42},"minecraft:used":{"minecraft:sand":21},"minecraft:mined":{"minecraft:sand":1},"minecraft:custom":{"minecraft:jump":498,"minecraft:time_since_rest":2612,"minecraft:damage_dealt":1401,"minecraft:deaths":2,"minecraft:sprint_one_cm":19375,"minecraft:play_time":16403,"minecraft:damage_taken":4088,"minecraft:time_since_death":2536,"minecraft:walk_one_cm":26373,"minecraft:sneak_time":21,"minecraft:total_world_time":16403,"minecraft:drop":21,"minecraft:fall_one_cm":9891,"minecraft:fly_one_cm":66411},"minecraft:dropped":{"minecraft:sand":21}},"DataVersion":3953}