{"stats":{"minecraft:killed":{"minecraft:skeleton":1,"minecraft:husk":9,"minecraft:polar_bear":1,"minecraft:sheep":33,"minecraft:pillager":1,"minecraft:cow":6},"minecraft:used":{"minecraft:beetroot":1,"minecraft:stone_sword":103,"minecraft:ladder":1,"minecraft:spruce_planks":11,"minecraft:chest":1,"minecraft:carrot":2,"minecraft:honey_bottle":2,"minecraft:dark_oak_planks":11,"minecraft:wooden_axe":21,"minecraft:iron_axe":13,"minecraft:item_frame":1,"minecraft:light_gray_wool":1,"minecraft:sweet_berries":1,"minecraft:cooked_mutton":16,"minecraft:mangrove_planks":8,"minecraft:leather_chestplate":1,"minecraft:wooden_pickaxe":6,"minecraft:white_wool":23,"minecraft:dark_oak_trapdoor":1,"minecraft:mangrove_trapdoor":2,"minecraft:crafting_table":2,"minecraft:crossbow":1,"minecraft:painting":1,"minecraft:cyan_bed":2,"minecraft:brown_wool":2,"minecraft:cyan_carpet":2,"minecraft:spruce_sapling":2,"minecraft:soul_lantern":1,"minecraft:golden_helmet":1,"minecraft:purple_bed":1,"minecraft:pumpkin_pie":5},"minecraft:mined":{"minecraft:dark_oak_planks":2,"minecraft:spruce_planks":2,"minecraft:black_stained_glass_pane":1,"minecraft:spruce_sapling":1,"minecraft:dark_oak_stairs":1,"minecraft:bookshelf":8,"minecraft:stripped_mangrove_wood":8,"minecraft:white_wool":1,"visualworkbench:minecraft/crafting_table":1,"minecraft:calcite":4,"minecraft:cyan_bed":2,"minecraft:sugar_cane":2,"minecraft:diorite":2,"minecraft:purple_bed":2,"minecraft:dark_oak_slab":4,"minecraft:spruce_log":9,"minecraft:cyan_carpet":1},"minecraft:crafted":{"minecraft:iron_axe":1,"minecraft:dark_oak_planks":8,"minecraft:crafting_table":2,"minecraft:spruce_planks":20,"minecraft:wooden_pickaxe":1,"minecraft:mangrove_planks":32,"minecraft:stick":8,"minecraft:iron_pickaxe":1,"minecraft:wooden_axe":1},"minecraft:killed_by":{"minecraft:husk":5,"minecraft:skeleton":3},"minecraft:picked_up":{"minecraft:wooden_axe":1,"minecraft:iron_chestplate":1,"minecraft:ladder":1,"minecraft:sentry_armor_trim_smithing_template":2,"minecraft:wooden_pickaxe":2,"minecraft:potion":2,"minecraft:wither_rose":1,"minecraft:enchanted_book":1,"minecraft:string":4,"minecraft:dark_oak_trapdoor":1,"minecraft:cooked_salmon":3,"minecraft:beetroot_soup":1,"minecraft:item_frame":1,"minecraft:pufferfish":1,"minecraft:cyan_carpet":2,"minecraft:beetroot":1,"minecraft:spruce_planks":43,"minecraft:calcite":4,"minecraft:light_gray_wool":2,"minecraft:melon_slice":1,"minecraft:sugar_cane":8,"minecraft:chest":2,"minecraft:iron_boots":1,"minecraft:stripped_mangrove_wood":12,"minecraft:stick":13,"minecraft:bowl":2,"minecraft:cake":2,"minecraft:diorite":6,"minecraft:carrot":31,"minecraft:mangrove_trapdoor":3,"minecraft:dark_oak_planks":8,"minecraft:stone_sword":1,"minecraft:arrow":4,"minecraft:honey_bottle":1,"minecraft:rotten_flesh":12,"minecraft:pumpkin_pie":6,"minecraft:peony":2,"minecraft:gold_ingot":10,"minecraft:glistering_melon_slice":4,"minecraft:obsidian":2,"minecraft:white_wool":28,"minecraft:cooked_beef":12,"minecraft:brown_wool":2,"minecraft:leather":7,"minecraft:potato":5,"minecraft:paper":10,"minecraft:lantern":2,"minecraft:cooked_mutton":55,"minecraft:bone":1,"minecraft:apple":11,"minecraft:gray_carpet":1,"minecraft:iron_ingot":16,"minecraft:dark_oak_sign":3,"minecraft:glass_bottle":1,"minecraft:mangrove_planks":2,"minecraft:dark_oak_stairs":1,"minecraft:book":20,"minecraft:dark_oak_slab":8,"minecraft:sweet_berries":1,"minecraft:spruce_sapling":15,"minecraft:spruce_log":53,"minecraft:cyan_bed":2,"minecraft:leather_helmet":1,"minecraft:purple_bed":2,"minecraft:slime_ball":14,"minecraft:diamond":2,"minecraft:soul_lantern":1,"minecraft:crossbow":1,"minecraft:painting":1,"minecraft:gray_wool":2,"minecraft:golden_apple":2,"minecraft:bread":15,"minecraft:coal":7},"minecraft:dropped":{"minecraft:enchanted_book":1,"minecraft:iron_ingot":8,"minecraft:bread":15,"minecraft:glass_bottle":1,"minecraft:diamond":2,"minecraft:golden_apple":2,"minecraft:leather_helmet":1,"minecraft:gray_wool":1,"minecraft:melon_slice":1,"minecraft:cooked_salmon":3,"minecraft:potion":1,"minecraft:wither_rose":1,"minecraft:white_wool":5,"minecraft:spruce_sapling":13,"minecraft:gold_ingot":5,"minecraft:bone":1,"minecraft:stone_sword":1,"minecraft:dark_oak_sign":3,"minecraft:bowl":1,"minecraft:wheat":4,"minecraft:beetroot":6,"minecraft:light_gray_wool":1,"minecraft:leather_chestplate":2,"minecraft:potato":5,"minecraft:peony":2,"minecraft:slime_ball":14},"minecraft:custom":{"minecraft:mob_kills":53,"minecraft:interact_with_crafting_table":8,"minecraft:open_barrel":24,"minecraft:eat_cake_slice":1,"minecraft:leave_game":2,"minecraft:time_since_death":30490,"minecraft:climb_one_cm":2775,"minecraft:sprint_one_cm":221292,"minecraft:walk_one_cm":127174,"minecraft:drop":37,"minecraft:talked_to_villager":1,"minecraft:play_time":68448,"minecraft:deaths":8,"minecraft:sneak_time":5492,"minecraft:walk_under_water_one_cm":788,"minecraft:interact_with_lectern":1,"minecraft:jump":1663,"minecraft:interact_with_blast_furnace":1,"minecraft:walk_on_water_one_cm":11887,"minecraft:total_world_time":68448,"minecraft:tune_noteblock":1,"minecraft:sleep_in_bed":1,"minecraft:time_since_rest":5433,"minecraft:damage_taken":3318,"minecraft:damage_dealt":8761,"minecraft:swim_one_cm":4413,"minecraft:fly_one_cm":517814,"minecraft:open_chest":13,"minecraft:crouch_one_cm":9120,"minecraft:fall_one_cm":46746}},"DataVersion":3953}