{"stats":{"minecraft:killed":{"minecraft:husk":9,"minecraft:polar_bear":1,"minecraft:skeleton":1,"minecraft:sheep":27,"minecraft:pillager":1,"minecraft:cow":1},"minecraft:used":{"minecraft:beetroot":1,"minecraft:cooked_mutton":13,"minecraft:stone_sword":87,"minecraft:mangrove_planks":8,"minecraft:ladder":1,"minecraft:chest":1,"minecraft:wooden_pickaxe":6,"minecraft:spruce_planks":11,"minecraft:leather_chestplate":1,"minecraft:white_wool":17,"minecraft:dark_oak_trapdoor":1,"minecraft:mangrove_trapdoor":2,"minecraft:crafting_table":2,"minecraft:carrot":2,"minecraft:crossbow":1,"minecraft:painting":1,"minecraft:honey_bottle":2,"minecraft:wooden_axe":21,"minecraft:dark_oak_planks":11,"minecraft:iron_axe":13,"minecraft:cyan_bed":2,"minecraft:brown_wool":2,"minecraft:cyan_carpet":2,"minecraft:spruce_sapling":2,"minecraft:golden_helmet":1,"minecraft:soul_lantern":1,"minecraft:item_frame":1,"minecraft:light_gray_wool":1,"minecraft:sweet_berries":1,"minecraft:pumpkin_pie":5},"minecraft:mined":{"minecraft:dark_oak_planks":2,"minecraft:spruce_planks":2,"visualworkbench:minecraft/crafting_table":1,"minecraft:calcite":4,"minecraft:cyan_bed":2,"minecraft:diorite":2,"minecraft:purple_bed":1,"minecraft:black_stained_glass_pane":1,"minecraft:dark_oak_slab":4,"minecraft:spruce_sapling":1,"minecraft:spruce_log":9,"minecraft:dark_oak_stairs":1,"minecraft:bookshelf":8,"minecraft:cyan_carpet":1,"minecraft:stripped_mangrove_wood":8,"minecraft:white_wool":1},"minecraft:crafted":{"minecraft:crafting_table":2,"minecraft:spruce_planks":20,"minecraft:wooden_pickaxe":1,"minecraft:mangrove_planks":32,"minecraft:iron_axe":1,"minecraft:stick":8,"minecraft:iron_pickaxe":1,"minecraft:wooden_axe":1,"minecraft:dark_oak_planks":8},"minecraft:killed_by":{"minecraft:husk":5,"minecraft:skeleton":3},"minecraft:picked_up":{"minecraft:wooden_axe":1,"minecraft:iron_chestplate":1,"minecraft:cooked_beef":4,"minecraft:ladder":1,"minecraft:leather":4,"minecraft:sentry_armor_trim_smithing_template":2,"minecraft:brown_wool":2,"minecraft:wooden_pickaxe":2,"minecraft:potato":5,"minecraft:enchanted_book":1,"minecraft:wither_rose":1,"minecraft:potion":2,"minecraft:dark_oak_trapdoor":1,"minecraft:string":4,"minecraft:paper":10,"minecraft:lantern":2,"minecraft:cooked_salmon":3,"minecraft:beetroot_soup":1,"minecraft:item_frame":1,"minecraft:cooked_mutton":45,"minecraft:pufferfish":1,"minecraft:bone":1,"minecraft:cyan_carpet":2,"minecraft:apple":11,"minecraft:beetroot":1,"minecraft:gray_carpet":1,"minecraft:spruce_planks":43,"minecraft:iron_ingot":16,"minecraft:dark_oak_sign":3,"minecraft:calcite":4,"minecraft:light_gray_wool":2,"minecraft:glass_bottle":1,"minecraft:mangrove_planks":2,"minecraft:melon_slice":1,"minecraft:chest":2,"minecraft:iron_boots":1,"minecraft:dark_oak_stairs":1,"minecraft:book":20,"minecraft:stick":13,"minecraft:dark_oak_slab":8,"minecraft:stripped_mangrove_wood":12,"minecraft:sweet_berries":1,"minecraft:bowl":2,"minecraft:cake":2,"minecraft:spruce_sapling":15,"minecraft:carrot":31,"minecraft:diorite":6,"minecraft:spruce_log":53,"minecraft:cyan_bed":2,"minecraft:mangrove_trapdoor":3,"minecraft:leather_helmet":1,"minecraft:dark_oak_planks":8,"minecraft:purple_bed":1,"minecraft:stone_sword":1,"minecraft:arrow":4,"minecraft:honey_bottle":1,"minecraft:rotten_flesh":12,"minecraft:slime_ball":14,"minecraft:diamond":2,"minecraft:peony":2,"minecraft:pumpkin_pie":6,"minecraft:soul_lantern":1,"minecraft:crossbow":1,"minecraft:painting":1,"minecraft:glistering_melon_slice":4,"minecraft:golden_apple":2,"minecraft:gray_wool":2,"minecraft:bread":15,"minecraft:gold_ingot":10,"minecraft:obsidian":2,"minecraft:coal":7,"minecraft:white_wool":22},"minecraft:dropped":{"minecraft:bread":15,"minecraft:enchanted_book":1,"minecraft:iron_ingot":8,"minecraft:stone_sword":1,"minecraft:dark_oak_sign":3,"minecraft:glass_bottle":1,"minecraft:diamond":2,"minecraft:bowl":1,"minecraft:wheat":4,"minecraft:beetroot":6,"minecraft:light_gray_wool":1,"minecraft:leather_helmet":1,"minecraft:golden_apple":2,"minecraft:leather_chestplate":2,"minecraft:potato":5,"minecraft:gray_wool":1,"minecraft:peony":2,"minecraft:melon_slice":1,"minecraft:cooked_salmon":3,"minecraft:potion":1,"minecraft:wither_rose":1,"minecraft:slime_ball":14,"minecraft:white_wool":5,"minecraft:spruce_sapling":13,"minecraft:gold_ingot":5,"minecraft:bone":1},"minecraft:custom":{"minecraft:mob_kills":42,"minecraft:interact_with_crafting_table":8,"minecraft:tune_noteblock":1,"minecraft:open_barrel":22,"minecraft:eat_cake_slice":1,"minecraft:leave_game":1,"minecraft:time_since_death":18532,"minecraft:climb_one_cm":2775,"minecraft:time_since_rest":18560,"minecraft:sprint_one_cm":188552,"minecraft:damage_taken":3224,"minecraft:walk_one_cm":123045,"minecraft:drop":37,"minecraft:damage_dealt":7781,"minecraft:swim_one_cm":43,"minecraft:talked_to_villager":1,"minecraft:fly_one_cm":428963,"minecraft:open_chest":12,"minecraft:crouch_one_cm":9120,"minecraft:play_time":56490,"minecraft:deaths":8,"minecraft:sneak_time":5480,"minecraft:walk_under_water_one_cm":408,"minecraft:interact_with_lectern":1,"minecraft:jump":1326,"minecraft:interact_with_blast_furnace":1,"minecraft:walk_on_water_one_cm":10488,"minecraft:total_world_time":56490,"minecraft:fall_one_cm":36573}},"DataVersion":3953}