{"stats":{"minecraft:dropped":{"minecraft:birch_sapling":6,"minecraft:stick":2},"minecraft:used":{"minecraft:stone_axe":1,"minecraft:crafting_table":2,"minecraft:wooden_pickaxe":12},"minecraft:picked_up":{"minecraft:birch_log":12,"minecraft:stick":6,"minecraft:crafting_table":2,"minecraft:brown_mushroom":1,"minecraft:birch_sapling":20,"minecraft:dirt":4,"minecraft:cobblestone":12},"minecraft:crafted":{"minecraft:birch_planks":28,"minecraft:stone_axe":1,"minecraft:crafting_table":1,"minecraft:stick":16,"minecraft:stone_pickaxe":1,"minecraft:wooden_pickaxe":1},"minecraft:mined":{"minecraft:dirt":4,"minecraft:birch_log":12,"minecraft:stone":12,"minecraft:birch_leaves":3,"visualworkbench:minecraft/crafting_table":2},"minecraft:custom":{"minecraft:time_since_rest":5364,"minecraft:play_time":5364,"minecraft:sprint_one_cm":625,"minecraft:walk_one_cm":5301,"minecraft:drop":6,"minecraft:jump":8,"minecraft:time_since_death":5364,"minecraft:total_world_time":5364,"minecraft:interact_with_crafting_table":2,"minecraft:fall_one_cm":274,"minecraft:fly_one_cm":659}},"DataVersion":3953}