{"stats":{"minecraft:mined":{"minecraft:podzol":1,"minecraft:hay_block":1,"minecraft:stone":11,"minecraft:white_wool":1},"minecraft:used":{"minecraft:bread":1,"minecraft:stone_pickaxe":8,"minecraft:baked_potato":1,"minecraft:wooden_pickaxe":3,"minecraft:iron_chestplate":1,"minecraft:dirt":1,"minecraft:crafting_table":1,"minecraft:furnace":1,"minecraft:golden_chestplate":1,"minecraft:potato":1},"minecraft:custom":{"minecraft:time_since_rest":3457,"minecraft:interact_with_furnace":13,"minecraft:sprint_one_cm":34805,"minecraft:damage_taken":40,"minecraft:walk_one_cm":40698,"minecraft:drop":9,"minecraft:interact_with_crafting_table":5,"minecraft:fly_one_cm":23890,"minecraft:open_barrel":17,"minecraft:open_chest":4,"minecraft:crouch_one_cm":1976,"minecraft:play_time":17774,"minecraft:interact_with_campfire":8,"minecraft:sneak_time":436,"minecraft:jump":189,"minecraft:sleep_in_bed":1,"minecraft:time_since_death":17774,"minecraft:walk_on_water_one_cm":4040,"minecraft:total_world_time":17774,"minecraft:fall_one_cm":4300},"minecraft:picked_up":{"minecraft:iron_chestplate":1,"minecraft:stick":6,"minecraft:raw_iron":6,"minecraft:acacia_log":15,"minecraft:raw_iron_block":2,"minecraft:dirt":1,"minecraft:lantern":1,"minecraft:hay_block":1,"minecraft:stone_pickaxe":1,"minecraft:spruce_sign":3,"minecraft:bread":15,"minecraft:iron_pickaxe":2,"minecraft:baked_potato":5,"minecraft:coal_block":1,"minecraft:acacia_sapling":7,"minecraft:coal":3,"minecraft:cobblestone":11},"minecraft:crafted":{"minecraft:raw_iron":18,"minecraft:coal":9,"minecraft:crafting_table":1,"minecraft:stick":8,"minecraft:wooden_pickaxe":1,"minecraft:iron_ingot":15,"minecraft:iron_pickaxe":1,"minecraft:stone_pickaxe":2,"minecraft:furnace":1,"minecraft:acacia_planks":60,"minecraft:bread":3,"minecraft:air":0,"minecraft:wheat":9},"minecraft:dropped":{"minecraft:iron_ingot":13,"minecraft:spruce_sign":3,"minecraft:golden_chestplate":1,"minecraft:baked_potato":4,"minecraft:acacia_sapling":7,"minecraft:lantern":1,"minecraft:wooden_pickaxe":1,"minecraft:iron_pickaxe":2}},"DataVersion":3953}