{"stats":{"minecraft:killed":{"minecraft:husk":9,"minecraft:skeleton":1,"minecraft:sheep":9,"minecraft:pillager":1},"minecraft:used":{"minecraft:beetroot":1,"minecraft:cooked_mutton":7,"minecraft:stone_sword":59,"minecraft:mangrove_planks":8,"minecraft:ladder":1,"minecraft:chest":1,"minecraft:wooden_pickaxe":6,"minecraft:spruce_planks":11,"minecraft:leather_chestplate":1,"minecraft:white_wool":7,"minecraft:dark_oak_trapdoor":1,"minecraft:mangrove_trapdoor":2,"minecraft:crafting_table":1,"minecraft:carrot":2,"minecraft:painting":1,"minecraft:honey_bottle":2,"minecraft:wooden_axe":21,"minecraft:dark_oak_planks":11,"minecraft:brown_wool":1,"minecraft:cyan_carpet":2,"minecraft:soul_lantern":1,"minecraft:item_frame":1,"minecraft:sweet_berries":1,"minecraft:pumpkin_pie":1},"minecraft:mined":{"minecraft:dark_oak_planks":2,"minecraft:spruce_planks":2,"minecraft:calcite":4,"minecraft:cyan_bed":1,"minecraft:diorite":2,"minecraft:black_stained_glass_pane":1,"minecraft:dark_oak_slab":4,"minecraft:spruce_log":1,"minecraft:dark_oak_stairs":1,"minecraft:cyan_carpet":1,"minecraft:stripped_mangrove_wood":8,"minecraft:white_wool":1},"minecraft:crafted":{"minecraft:crafting_table":1,"minecraft:wooden_pickaxe":1,"minecraft:mangrove_planks":32,"minecraft:stick":8,"minecraft:iron_pickaxe":1,"minecraft:wooden_axe":1,"minecraft:dark_oak_planks":8},"minecraft:killed_by":{"minecraft:husk":5,"minecraft:skeleton":3},"minecraft:picked_up":{"minecraft:wooden_axe":1,"minecraft:iron_chestplate":1,"minecraft:ladder":1,"minecraft:sentry_armor_trim_smithing_template":2,"minecraft:brown_wool":1,"minecraft:wooden_pickaxe":2,"minecraft:potato":5,"minecraft:wither_rose":1,"minecraft:potion":2,"minecraft:dark_oak_trapdoor":1,"minecraft:string":4,"minecraft:paper":10,"minecraft:lantern":2,"minecraft:cooked_salmon":1,"minecraft:beetroot_soup":1,"minecraft:item_frame":1,"minecraft:cooked_mutton":17,"minecraft:pufferfish":1,"minecraft:bone":1,"minecraft:cyan_carpet":2,"minecraft:apple":11,"minecraft:beetroot":1,"minecraft:gray_carpet":1,"minecraft:spruce_planks":43,"minecraft:iron_ingot":16,"minecraft:dark_oak_sign":3,"minecraft:calcite":4,"minecraft:glass_bottle":1,"minecraft:mangrove_planks":2,"minecraft:melon_slice":1,"minecraft:chest":2,"minecraft:iron_boots":1,"minecraft:dark_oak_stairs":1,"minecraft:book":2,"minecraft:stick":8,"minecraft:dark_oak_slab":8,"minecraft:stripped_mangrove_wood":12,"minecraft:sweet_berries":1,"minecraft:bowl":2,"minecraft:cake":2,"minecraft:carrot":31,"minecraft:diorite":6,"minecraft:spruce_log":1,"minecraft:cyan_bed":1,"minecraft:mangrove_trapdoor":3,"minecraft:leather_helmet":1,"minecraft:dark_oak_planks":8,"minecraft:stone_sword":1,"minecraft:arrow":4,"minecraft:honey_bottle":1,"minecraft:rotten_flesh":12,"minecraft:slime_ball":14,"minecraft:diamond":2,"minecraft:peony":2,"minecraft:pumpkin_pie":6,"minecraft:soul_lantern":1,"minecraft:crossbow":1,"minecraft:painting":1,"minecraft:glistering_melon_slice":4,"minecraft:golden_apple":2,"minecraft:gray_wool":1,"minecraft:bread":15,"minecraft:gold_ingot":10,"minecraft:obsidian":2,"minecraft:coal":7,"minecraft:white_wool":8},"minecraft:dropped":{"minecraft:iron_ingot":8,"minecraft:stone_sword":1,"minecraft:dark_oak_sign":3,"minecraft:glass_bottle":1,"minecraft:diamond":1,"minecraft:bowl":1,"minecraft:wheat":4,"minecraft:beetroot":6,"minecraft:golden_apple":1,"minecraft:leather_chestplate":2,"minecraft:peony":2,"minecraft:melon_slice":1,"minecraft:cooked_salmon":1,"minecraft:potion":1,"minecraft:wither_rose":1,"minecraft:slime_ball":14,"minecraft:white_wool":1,"minecraft:gold_ingot":5,"minecraft:bone":1},"minecraft:custom":{"minecraft:mob_kills":21,"minecraft:interact_with_crafting_table":5,"minecraft:tune_noteblock":1,"minecraft:open_barrel":19,"minecraft:eat_cake_slice":1,"minecraft:leave_game":1,"minecraft:time_since_death":6532,"minecraft:climb_one_cm":2382,"minecraft:time_since_rest":6560,"minecraft:sprint_one_cm":126092,"minecraft:damage_taken":2984,"minecraft:walk_one_cm":105257,"minecraft:drop":24,"minecraft:damage_dealt":5736,"minecraft:swim_one_cm":43,"minecraft:talked_to_villager":1,"minecraft:fly_one_cm":294189,"minecraft:open_chest":11,"minecraft:crouch_one_cm":8186,"minecraft:play_time":44490,"minecraft:deaths":8,"minecraft:sneak_time":5031,"minecraft:walk_under_water_one_cm":408,"minecraft:jump":824,"minecraft:walk_on_water_one_cm":10488,"minecraft:total_world_time":44490,"minecraft:fall_one_cm":19689}},"DataVersion":3953}