{"stats":{"minecraft:killed":{"minecraft:husk":3},"minecraft:used":{"minecraft:beetroot":1,"minecraft:cooked_mutton":1,"minecraft:dark_oak_planks":3,"minecraft:wooden_axe":21,"minecraft:mangrove_planks":8,"minecraft:cyan_carpet":2,"minecraft:leather_chestplate":1,"minecraft:spruce_planks":11,"minecraft:wooden_pickaxe":6,"minecraft:item_frame":1,"minecraft:sweet_berries":1,"minecraft:honey_bottle":2},"minecraft:mined":{"minecraft:dark_oak_planks":2,"minecraft:spruce_planks":1,"minecraft:dark_oak_slab":4,"minecraft:spruce_log":1,"minecraft:dark_oak_stairs":1,"minecraft:calcite":4,"minecraft:cyan_carpet":1,"minecraft:stripped_mangrove_wood":8,"minecraft:diorite":2},"minecraft:crafted":{"minecraft:stick":4,"minecraft:wooden_pickaxe":1,"minecraft:wooden_axe":1,"minecraft:mangrove_planks":28},"minecraft:killed_by":{"minecraft:husk":4,"minecraft:skeleton":3},"minecraft:picked_up":{"minecraft:wooden_axe":1,"minecraft:dark_oak_slab":8,"minecraft:stripped_mangrove_wood":11,"minecraft:ladder":1,"minecraft:sweet_berries":1,"minecraft:wooden_pickaxe":2,"minecraft:bowl":2,"minecraft:diorite":6,"minecraft:carrot":12,"minecraft:spruce_log":1,"minecraft:dark_oak_planks":8,"minecraft:cooked_salmon":1,"minecraft:bone":1,"minecraft:cooked_mutton":1,"minecraft:item_frame":1,"minecraft:arrow":2,"minecraft:cyan_carpet":2,"minecraft:honey_bottle":1,"minecraft:rotten_flesh":2,"minecraft:beetroot":1,"minecraft:gray_carpet":1,"minecraft:diamond":1,"minecraft:pumpkin_pie":1,"minecraft:peony":2,"minecraft:spruce_planks":41,"minecraft:iron_ingot":8,"minecraft:golden_apple":1,"minecraft:calcite":4,"minecraft:gold_ingot":5,"minecraft:glass_bottle":1,"minecraft:melon_slice":1,"minecraft:chest":1,"minecraft:dark_oak_stairs":1},"minecraft:dropped":{"minecraft:iron_ingot":8,"minecraft:peony":2,"minecraft:diamond":1,"minecraft:glass_bottle":1,"minecraft:golden_apple":1,"minecraft:gold_ingot":5},"minecraft:custom":{"minecraft:time_since_rest":5342,"minecraft:sprint_one_cm":60107,"minecraft:damage_taken":2140,"minecraft:walk_one_cm":66549,"minecraft:mob_kills":3,"minecraft:drop":7,"minecraft:damage_dealt":1909,"minecraft:interact_with_crafting_table":4,"minecraft:tune_noteblock":1,"minecraft:fly_one_cm":179012,"minecraft:open_barrel":7,"minecraft:open_chest":3,"minecraft:crouch_one_cm":7069,"minecraft:play_time":26897,"minecraft:deaths":7,"minecraft:sneak_time":4424,"minecraft:walk_under_water_one_cm":342,"minecraft:jump":455,"minecraft:eat_cake_slice":1,"minecraft:walk_on_water_one_cm":9020,"minecraft:time_since_death":5173,"minecraft:climb_one_cm":1766,"minecraft:total_world_time":26897,"minecraft:fall_one_cm":9326}},"DataVersion":3953}