{"stats":{"minecraft:custom":{"minecraft:jump":33,"minecraft:time_since_rest":5515,"minecraft:crouch_one_cm":240,"minecraft:sprint_one_cm":3556,"minecraft:play_time":5515,"minecraft:damage_taken":30,"minecraft:time_since_death":5515,"minecraft:walk_one_cm":345,"minecraft:sneak_time":135,"minecraft:total_world_time":5515,"minecraft:fall_one_cm":987,"minecraft:fly_one_cm":11776},"minecraft:picked_up":{"minecraft:spruce_sapling":2,"minecraft:spruce_log":7},"minecraft:mined":{"minecraft:short_grass":1,"minecraft:spruce_log":7},"minecraft:crafted":{"minecraft:crafting_table":1,"minecraft:spruce_planks":28,"minecraft:stick":4}},"DataVersion":3953}