{"stats":{"minecraft:killed":{"minecraft:husk":1},"minecraft:used":{"minecraft:beetroot":1,"minecraft:wooden_axe":5,"minecraft:spruce_planks":1,"minecraft:wooden_pickaxe":2,"minecraft:item_frame":1,"minecraft:sweet_berries":1,"minecraft:honey_bottle":2},"minecraft:mined":{"minecraft:dark_oak_planks":2,"minecraft:spruce_planks":1,"minecraft:spruce_log":1,"minecraft:dark_oak_stairs":1,"minecraft:calcite":2,"minecraft:stripped_mangrove_wood":6},"minecraft:crafted":{"minecraft:stick":4,"minecraft:wooden_pickaxe":1,"minecraft:wooden_axe":1,"minecraft:mangrove_planks":20},"minecraft:killed_by":{"minecraft:husk":4,"minecraft:skeleton":1},"minecraft:picked_up":{"minecraft:stripped_mangrove_wood":9,"minecraft:sweet_berries":1,"minecraft:bowl":1,"minecraft:spruce_log":1,"minecraft:dark_oak_planks":3,"minecraft:cooked_mutton":1,"minecraft:item_frame":1,"minecraft:honey_bottle":1,"minecraft:beetroot":1,"minecraft:peony":2,"minecraft:spruce_planks":18,"minecraft:calcite":2,"minecraft:glass_bottle":1,"minecraft:dark_oak_stairs":1},"minecraft:dropped":{"minecraft:peony":2,"minecraft:glass_bottle":1},"minecraft:custom":{"minecraft:time_since_rest":4354,"minecraft:sprint_one_cm":37098,"minecraft:damage_taken":1580,"minecraft:walk_one_cm":23665,"minecraft:mob_kills":1,"minecraft:drop":3,"minecraft:damage_dealt":894,"minecraft:interact_with_crafting_table":4,"minecraft:tune_noteblock":1,"minecraft:fly_one_cm":167214,"minecraft:crouch_one_cm":1682,"minecraft:play_time":14897,"minecraft:deaths":5,"minecraft:sneak_time":2080,"minecraft:walk_under_water_one_cm":123,"minecraft:jump":340,"minecraft:eat_cake_slice":1,"minecraft:walk_on_water_one_cm":7323,"minecraft:time_since_death":4316,"minecraft:total_world_time":14897,"minecraft:fall_one_cm":7941}},"DataVersion":3953}