{"stats":{"minecraft:dropped":{"minecraft:dark_oak_sapling":3,"minecraft:birch_sapling":6,"minecraft:stick":2},"minecraft:killed":{"minecraft:sheep":7},"minecraft:used":{"minecraft:wooden_pickaxe":12,"minecraft:stone_axe":14,"minecraft:dirt":5,"minecraft:crafting_table":2},"minecraft:picked_up":{"minecraft:birch_log":12,"minecraft:dark_oak_sapling":3,"minecraft:stick":9,"minecraft:crafting_table":2,"minecraft:brown_mushroom":1,"minecraft:dark_oak_log":49,"minecraft:dirt":5,"minecraft:birch_sapling":21,"minecraft:mutton":9,"minecraft:white_wool":7,"minecraft:cobblestone":12},"minecraft:crafted":{"minecraft:crafting_table":1,"minecraft:stick":16,"minecraft:wooden_pickaxe":1,"minecraft:stone_pickaxe":1,"minecraft:birch_planks":28,"minecraft:stone_axe":1},"minecraft:mined":{"minecraft:birch_log":12,"minecraft:dark_oak_log":5,"minecraft:birch_leaves":3,"visualworkbench:minecraft/crafting_table":2,"minecraft:short_grass":1,"minecraft:grass_block":1,"minecraft:dark_oak_sapling":1,"minecraft:dirt":4,"minecraft:stone":12},"minecraft:custom":{"minecraft:time_since_rest":10497,"lootr:looted_stat":1,"minecraft:sprint_one_cm":22818,"minecraft:walk_one_cm":8372,"minecraft:mob_kills":7,"minecraft:drop":7,"minecraft:damage_dealt":560,"minecraft:swim_one_cm":7163,"minecraft:interact_with_crafting_table":2,"minecraft:fly_one_cm":22613,"minecraft:crouch_one_cm":470,"minecraft:play_time":10497,"minecraft:sneak_time":832,"minecraft:walk_under_water_one_cm":217,"minecraft:jump":103,"minecraft:walk_on_water_one_cm":602,"minecraft:time_since_death":10497,"minecraft:total_world_time":10497,"minecraft:fall_one_cm":2273}},"DataVersion":3953}