{"stats":{"minecraft:killed":{"minecraft:pillager":1},"minecraft:used":{"minecraft:calcite":10,"minecraft:wooden_axe":3,"minecraft:diorite":1,"minecraft:polished_deepslate":1,"minecraft:bread":1,"minecraft:stone_pickaxe":4,"minecraft:mangrove_planks":18,"minecraft:spruce_planks":5,"minecraft:wooden_pickaxe":26,"minecraft:item_frame":3,"minecraft:stone_axe":35,"minecraft:stripped_mangrove_wood":1,"minecraft:cobblestone":3,"minecraft:purple_bed":1,"minecraft:crafting_table":4,"minecraft:mangrove_sign":1},"minecraft:mined":{"minecraft:spruce_planks":23,"minecraft:spruce_sapling":1,"minecraft:spruce_log":5,"minecraft:mangrove_planks":2,"minecraft:crafting_table":1,"minecraft:dark_oak_stairs":1,"minecraft:mangrove_slab":1,"minecraft:polished_deepslate":1,"minecraft:short_grass":15,"minecraft:blast_furnace":5,"minecraft:calcite":3,"minecraft:stripped_mangrove_wood":5,"minecraft:stone":9,"minecraft:diorite":1,"minecraft:dark_oak_planks":3},"minecraft:crafted":{"minecraft:crafting_table":3,"minecraft:spruce_planks":68,"minecraft:stick":8,"minecraft:wooden_pickaxe":1,"minecraft:stone_pickaxe":1,"minecraft:wooden_axe":1,"minecraft:mangrove_planks":16,"minecraft:stone_axe":1},"minecraft:killed_by":{"minecraft:husk":1,"minecraft:pillager":1},"minecraft:picked_up":{"minecraft:wooden_axe":2,"minecraft:stick":6,"minecraft:crafting_table":1,"minecraft:stripped_mangrove_wood":8,"minecraft:sweet_berries":12,"minecraft:wooden_pickaxe":2,"minecraft:potato":3,"minecraft:carrot":11,"minecraft:mangrove_sign":1,"minecraft:spruce_sapling":4,"minecraft:blast_furnace":10,"minecraft:diorite":1,"minecraft:spruce_log":29,"minecraft:dark_oak_planks":3,"minecraft:mangrove_slab":1,"minecraft:polished_deepslate":1,"minecraft:item_frame":3,"minecraft:purple_bed":2,"minecraft:stone_axe":1,"minecraft:spruce_planks":87,"minecraft:stone_pickaxe":1,"minecraft:bread":7,"minecraft:calcite":12,"minecraft:emerald":3,"minecraft:glass_bottle":1,"minecraft:mangrove_planks":2,"minecraft:dark_oak_stairs":1,"minecraft:cobblestone":18},"minecraft:dropped":{"minecraft:glass_bottle":1,"minecraft:wooden_axe":1,"minecraft:wooden_pickaxe":1,"minecraft:spruce_sapling":4},"minecraft:custom":{"minecraft:time_since_rest":3316,"minecraft:sprint_one_cm":24085,"minecraft:damage_taken":480,"minecraft:walk_one_cm":22848,"minecraft:mob_kills":1,"minecraft:drop":5,"minecraft:damage_dealt":241,"minecraft:interact_with_crafting_table":5,"minecraft:fly_one_cm":65394,"minecraft:open_barrel":6,"minecraft:crouch_one_cm":203,"minecraft:play_time":13939,"minecraft:deaths":2,"minecraft:sneak_time":446,"minecraft:interact_with_lectern":1,"minecraft:jump":224,"minecraft:interact_with_brewingstand":1,"minecraft:time_since_death":3227,"minecraft:climb_one_cm":424,"minecraft:total_world_time":13939,"minecraft:fall_one_cm":7698}},"DataVersion":3953}