{"stats":{"minecraft:killed":{"minecraft:skeleton":8,"minecraft:husk":2,"minecraft:iron_golem":1,"minecraft:pillager":1,"minecraft:zombie":1,"minecraft:villager":1,"minecraft:cow":19},"minecraft:used":{"minecraft:stone_sword":36,"minecraft:polished_deepslate":1,"minecraft:ladder":1,"minecraft:poppy":1,"minecraft:decorated_pot":1,"minecraft:spruce_planks":34,"minecraft:netherrack":2,"minecraft:iron_chestplate":1,"minecraft:dirt":2,"minecraft:cobblestone_wall":1,"minecraft:birch_door":1,"minecraft:wooden_axe":3,"minecraft:iron_axe":16,"minecraft:dark_oak_slab":1,"minecraft:iron_boots":2,"minecraft:item_frame":3,"minecraft:goat_horn":2,"minecraft:mangrove_slab":1,"minecraft:potato":1,"minecraft:iron_leggings":1,"minecraft:beetroot_soup":1,"minecraft:calcite":19,"minecraft:dark_oak_stairs":1,"minecraft:diorite":3,"minecraft:stone_pickaxe":9,"minecraft:baked_potato":5,"minecraft:mangrove_planks":18,"minecraft:wooden_pickaxe":26,"minecraft:leather_boots":2,"minecraft:golden_apple":1,"minecraft:stripped_mangrove_wood":1,"minecraft:crafting_table":9,"minecraft:mushroom_stew":2,"minecraft:mangrove_sign":1,"minecraft:bread":9,"minecraft:cyan_bed":4,"minecraft:iron_pickaxe":76,"minecraft:cyan_carpet":1,"minecraft:stone_axe":83,"minecraft:cobblestone":4,"minecraft:purple_bed":1,"minecraft:turtle_helmet":2},"minecraft:mined":{"minecraft:dark_oak_planks":5,"minecraft:spruce_planks":30,"minecraft:decorated_pot":1,"minecraft:black_stained_glass_pane":3,"minecraft:spruce_sapling":2,"minecraft:carrots":3,"minecraft:dark_oak_stairs":1,"minecraft:gold_block":1,"minecraft:polished_deepslate":1,"minecraft:potatoes":12,"minecraft:stripped_mangrove_wood":5,"minecraft:stone":19,"visualworkbench:minecraft/crafting_table":1,"minecraft:crafting_table":3,"minecraft:short_grass":17,"minecraft:blast_furnace":19,"minecraft:calcite":8,"minecraft:cyan_bed":5,"minecraft:damaged_anvil":1,"minecraft:diorite":3,"minecraft:dark_oak_slab":1,"minecraft:cobblestone_wall":1,"minecraft:wheat":3,"minecraft:spruce_log":5,"minecraft:mangrove_planks":2,"minecraft:mangrove_slab":1,"minecraft:coal_ore":22,"minecraft:cyan_carpet":7,"minecraft:dirt":6,"minecraft:netherrack":2},"minecraft:crafted":{"minecraft:furnace":1,"minecraft:iron_axe":2,"minecraft:stone_pickaxe":1,"minecraft:smoker":1,"minecraft:crafting_table":5,"minecraft:spruce_planks":112,"minecraft:baked_potato":8,"minecraft:wooden_pickaxe":1,"minecraft:mangrove_planks":16,"minecraft:stone_axe":1,"minecraft:air":0,"minecraft:stick":8,"minecraft:iron_ingot":2,"minecraft:iron_pickaxe":1,"minecraft:wooden_axe":1,"minecraft:gold_ingot":9},"minecraft:killed_by":{"minecraft:husk":1,"minecraft:pillager":1,"minecraft:iron_golem":2},"minecraft:picked_up":{"minecraft:wooden_axe":4,"minecraft:iron_chestplate":1,"minecraft:birch_door":1,"minecraft:crafting_table":5,"minecraft:ladder":1,"minecraft:turtle_helmet":2,"minecraft:wooden_pickaxe":4,"minecraft:gold_block":2,"minecraft:polished_deepslate":1,"minecraft:iron_axe":1,"minecraft:red_nether_bricks":4,"minecraft:iron_leggings":1,"minecraft:item_frame":3,"minecraft:cyan_carpet":6,"minecraft:spruce_planks":146,"minecraft:beef":39,"minecraft:calcite":53,"minecraft:poppy":1,"minecraft:iron_pickaxe":2,"minecraft:piston":1,"minecraft:iron_boots":1,"minecraft:stripped_mangrove_wood":8,"minecraft:stick":9,"minecraft:oak_fence":2,"minecraft:mangrove_sign":1,"minecraft:diorite":3,"minecraft:carrot":14,"minecraft:goat_horn":1,"minecraft:dark_oak_planks":5,"minecraft:stone_sword":1,"minecraft:arrow":21,"minecraft:rotten_flesh":6,"minecraft:decorated_pot":1,"minecraft:gold_ingot":4,"minecraft:obsidian":7,"minecraft:cobblestone":28,"minecraft:leather":16,"minecraft:potato":40,"minecraft:cobblestone_wall":1,"minecraft:mangrove_slab":1,"minecraft:dirt":6,"minecraft:leather_boots":1,"minecraft:purple_carpet":1,"minecraft:bone":12,"minecraft:apple":18,"minecraft:wheat_seeds":11,"minecraft:iron_ingot":14,"minecraft:stone_pickaxe":2,"minecraft:glass_bottle":1,"minecraft:mangrove_planks":2,"minecraft:dark_oak_stairs":1,"minecraft:purple_concrete":10,"minecraft:book":6,"minecraft:dark_oak_slab":5,"minecraft:sweet_berries":18,"minecraft:spruce_sapling":9,"minecraft:blast_furnace":59,"minecraft:spruce_log":52,"minecraft:cyan_bed":7,"minecraft:purple_bed":2,"minecraft:blue_terracotta":14,"minecraft:diamond":1,"minecraft:stone_axe":3,"minecraft:golden_apple":3,"minecraft:bread":28,"minecraft:emerald":5,"minecraft:damaged_anvil":1,"minecraft:netherrack":2,"minecraft:dark_oak_fence":1,"minecraft:coal":26},"minecraft:dropped":{"minecraft:piston":1,"minecraft:wheat_seeds":11,"minecraft:glass_bottle":1,"minecraft:dark_oak_slab":4,"minecraft:oak_fence":2,"minecraft:cobblestone":1,"minecraft:purple_concrete":10,"minecraft:leather":16,"minecraft:stick":1,"minecraft:dirt":4,"minecraft:dark_oak_fence":1,"minecraft:wooden_axe":4,"minecraft:dark_oak_planks":5,"minecraft:spruce_sapling":9,"minecraft:cyan_carpet":5,"minecraft:blue_terracotta":14,"minecraft:stone_axe":1,"minecraft:goat_horn":1,"minecraft:bowl":1,"minecraft:rotten_flesh":6,"minecraft:carrot":14,"minecraft:potato":5,"minecraft:spruce_planks":16,"minecraft:leather_boots":1,"minecraft:red_nether_bricks":4,"minecraft:wooden_pickaxe":4,"minecraft:stone_pickaxe":1,"minecraft:calcite":17},"minecraft:custom":{"minecraft:mob_kills":33,"minecraft:interact_with_crafting_table":11,"minecraft:open_barrel":20,"minecraft:leave_game":1,"minecraft:time_since_death":118,"minecraft:climb_one_cm":4621,"minecraft:sprint_one_cm":152231,"minecraft:walk_one_cm":101472,"minecraft:drop":52,"minecraft:play_time":67374,"minecraft:deaths":5,"minecraft:sneak_time":2524,"minecraft:walk_under_water_one_cm":247,"minecraft:interact_with_lectern":1,"minecraft:interact_with_brewingstand":2,"minecraft:jump":1416,"minecraft:walk_on_water_one_cm":9408,"minecraft:total_world_time":67374,"minecraft:sleep_in_bed":3,"minecraft:time_since_rest":169,"minecraft:damage_taken":2072,"minecraft:damage_dealt":5387,"minecraft:swim_one_cm":6223,"minecraft:fly_one_cm":470480,"minecraft:open_chest":16,"minecraft:crouch_one_cm":1913,"minecraft:interact_with_smoker":6,"minecraft:fall_one_cm":42863}},"DataVersion":3953}