{"stats":{"minecraft:killed":{"minecraft:husk":2,"minecraft:skeleton":8,"minecraft:pillager":1},"minecraft:used":{"minecraft:calcite":12,"minecraft:dark_oak_stairs":1,"minecraft:diorite":1,"minecraft:polished_deepslate":1,"minecraft:stone_pickaxe":9,"minecraft:mangrove_planks":18,"minecraft:ladder":1,"minecraft:spruce_planks":29,"minecraft:wooden_pickaxe":26,"minecraft:stripped_mangrove_wood":1,"minecraft:crafting_table":5,"minecraft:mushroom_stew":2,"minecraft:mangrove_sign":1,"minecraft:birch_door":1,"minecraft:wooden_axe":3,"minecraft:bread":1,"minecraft:iron_pickaxe":12,"minecraft:cyan_carpet":1,"minecraft:dark_oak_slab":1,"minecraft:item_frame":3,"minecraft:stone_axe":66,"minecraft:cobblestone":3,"minecraft:purple_bed":1,"minecraft:turtle_helmet":1,"minecraft:mangrove_slab":1},"minecraft:mined":{"minecraft:dark_oak_planks":5,"minecraft:spruce_planks":27,"minecraft:crafting_table":1,"minecraft:short_grass":15,"minecraft:blast_furnace":17,"minecraft:calcite":4,"minecraft:cyan_bed":1,"minecraft:diorite":1,"minecraft:black_stained_glass_pane":3,"minecraft:dark_oak_slab":1,"minecraft:spruce_sapling":1,"minecraft:spruce_log":5,"minecraft:mangrove_planks":2,"minecraft:dark_oak_stairs":1,"minecraft:polished_deepslate":1,"minecraft:mangrove_slab":1,"minecraft:cyan_carpet":7,"minecraft:stone":9,"minecraft:stripped_mangrove_wood":5},"minecraft:crafted":{"minecraft:crafting_table":4,"minecraft:spruce_planks":68,"minecraft:wooden_pickaxe":1,"minecraft:mangrove_planks":16,"minecraft:stone_axe":1,"minecraft:stick":8,"minecraft:iron_pickaxe":1,"minecraft:stone_pickaxe":1,"minecraft:wooden_axe":1},"minecraft:killed_by":{"minecraft:husk":1,"minecraft:pillager":1},"minecraft:picked_up":{"minecraft:wooden_axe":3,"minecraft:crafting_table":1,"minecraft:birch_door":1,"minecraft:ladder":1,"minecraft:turtle_helmet":1,"minecraft:wooden_pickaxe":3,"minecraft:potato":4,"minecraft:polished_deepslate":1,"minecraft:mangrove_slab":1,"minecraft:item_frame":3,"minecraft:bone":4,"minecraft:cyan_carpet":6,"minecraft:spruce_planks":117,"minecraft:iron_ingot":2,"minecraft:stone_pickaxe":1,"minecraft:calcite":14,"minecraft:glass_bottle":1,"minecraft:mangrove_planks":2,"minecraft:piston":1,"minecraft:dark_oak_stairs":1,"minecraft:purple_concrete":10,"minecraft:stick":6,"minecraft:dark_oak_slab":1,"minecraft:stripped_mangrove_wood":8,"minecraft:sweet_berries":12,"minecraft:oak_fence":2,"minecraft:diorite":1,"minecraft:spruce_sapling":4,"minecraft:blast_furnace":39,"minecraft:mangrove_sign":1,"minecraft:spruce_log":29,"minecraft:carrot":11,"minecraft:cyan_bed":1,"minecraft:dark_oak_planks":5,"minecraft:arrow":5,"minecraft:blue_terracotta":14,"minecraft:purple_bed":2,"minecraft:rotten_flesh":6,"minecraft:stone_axe":2,"minecraft:golden_apple":1,"minecraft:emerald":4,"minecraft:bread":7,"minecraft:cobblestone":18},"minecraft:dropped":{"minecraft:blue_terracotta":14,"minecraft:piston":1,"minecraft:glass_bottle":1,"minecraft:oak_fence":2,"minecraft:rotten_flesh":6,"minecraft:purple_concrete":10,"minecraft:carrot":11,"minecraft:spruce_planks":16,"minecraft:wooden_axe":3,"minecraft:wooden_pickaxe":3,"minecraft:calcite":2,"minecraft:dark_oak_planks":5,"minecraft:cyan_carpet":5,"minecraft:spruce_sapling":4},"minecraft:custom":{"minecraft:mob_kills":11,"minecraft:interact_with_crafting_table":6,"minecraft:open_barrel":10,"minecraft:time_since_death":291,"minecraft:climb_one_cm":1958,"minecraft:time_since_rest":318,"minecraft:sprint_one_cm":27854,"minecraft:damage_taken":990,"minecraft:walk_one_cm":56479,"minecraft:drop":24,"minecraft:damage_dealt":2137,"minecraft:fly_one_cm":70794,"minecraft:open_chest":3,"minecraft:crouch_one_cm":1792,"minecraft:play_time":25939,"minecraft:deaths":3,"minecraft:sneak_time":1517,"minecraft:interact_with_lectern":1,"minecraft:jump":324,"minecraft:interact_with_brewingstand":1,"minecraft:walk_on_water_one_cm":4471,"minecraft:total_world_time":25939,"minecraft:fall_one_cm":12322}},"DataVersion":3953}