{"stats":{"minecraft:killed":{"minecraft:husk":2,"minecraft:iron_golem":1,"minecraft:skeleton":8,"minecraft:pillager":1,"minecraft:zombie":1,"minecraft:villager":1},"minecraft:used":{"minecraft:calcite":19,"minecraft:dark_oak_stairs":1,"minecraft:diorite":1,"minecraft:stone_sword":20,"minecraft:polished_deepslate":1,"minecraft:stone_pickaxe":9,"minecraft:poppy":1,"minecraft:mangrove_planks":18,"minecraft:ladder":1,"minecraft:spruce_planks":29,"minecraft:wooden_pickaxe":26,"minecraft:netherrack":2,"minecraft:golden_apple":1,"minecraft:stripped_mangrove_wood":1,"minecraft:dirt":2,"minecraft:crafting_table":6,"minecraft:mushroom_stew":2,"minecraft:cobblestone_wall":1,"minecraft:mangrove_sign":1,"minecraft:birch_door":1,"minecraft:wooden_axe":3,"minecraft:cyan_bed":3,"minecraft:bread":7,"minecraft:iron_pickaxe":50,"minecraft:cyan_carpet":1,"minecraft:dark_oak_slab":1,"minecraft:item_frame":3,"minecraft:stone_axe":83,"minecraft:cobblestone":3,"minecraft:purple_bed":1,"minecraft:turtle_helmet":2,"minecraft:mangrove_slab":1,"minecraft:potato":1,"minecraft:beetroot_soup":1},"minecraft:mined":{"minecraft:dark_oak_planks":5,"minecraft:spruce_planks":30,"visualworkbench:minecraft/crafting_table":1,"minecraft:crafting_table":2,"minecraft:short_grass":15,"minecraft:blast_furnace":18,"minecraft:calcite":8,"minecraft:damaged_anvil":1,"minecraft:cyan_bed":4,"minecraft:diorite":1,"minecraft:black_stained_glass_pane":3,"minecraft:dark_oak_slab":1,"minecraft:spruce_sapling":2,"minecraft:carrots":3,"minecraft:cobblestone_wall":1,"minecraft:wheat":3,"minecraft:spruce_log":5,"minecraft:mangrove_planks":2,"minecraft:gold_block":1,"minecraft:dark_oak_stairs":1,"minecraft:polished_deepslate":1,"minecraft:mangrove_slab":1,"minecraft:potatoes":12,"minecraft:dirt":6,"minecraft:cyan_carpet":7,"minecraft:stone":18,"minecraft:stripped_mangrove_wood":5,"minecraft:netherrack":2},"minecraft:crafted":{"minecraft:crafting_table":4,"minecraft:spruce_planks":68,"minecraft:wooden_pickaxe":1,"minecraft:mangrove_planks":16,"minecraft:stone_axe":1,"minecraft:stick":8,"minecraft:iron_ingot":1,"minecraft:iron_pickaxe":1,"minecraft:stone_pickaxe":1,"minecraft:wooden_axe":1,"minecraft:gold_ingot":9},"minecraft:killed_by":{"minecraft:husk":1,"minecraft:pillager":1,"minecraft:iron_golem":1},"minecraft:picked_up":{"minecraft:wooden_axe":4,"minecraft:crafting_table":4,"minecraft:birch_door":1,"minecraft:ladder":1,"minecraft:turtle_helmet":2,"minecraft:wooden_pickaxe":4,"minecraft:potato":35,"minecraft:gold_block":2,"minecraft:cobblestone_wall":1,"minecraft:polished_deepslate":1,"minecraft:mangrove_slab":1,"minecraft:dirt":6,"minecraft:red_nether_bricks":4,"minecraft:purple_carpet":1,"minecraft:item_frame":3,"minecraft:bone":12,"minecraft:cyan_carpet":6,"minecraft:apple":18,"minecraft:wheat_seeds":3,"minecraft:spruce_planks":146,"minecraft:iron_ingot":14,"minecraft:stone_pickaxe":2,"minecraft:poppy":1,"minecraft:calcite":53,"minecraft:iron_pickaxe":2,"minecraft:glass_bottle":1,"minecraft:mangrove_planks":2,"minecraft:iron_boots":1,"minecraft:piston":1,"minecraft:dark_oak_stairs":1,"minecraft:purple_concrete":10,"minecraft:stick":9,"minecraft:dark_oak_slab":5,"minecraft:stripped_mangrove_wood":8,"minecraft:sweet_berries":18,"minecraft:oak_fence":2,"minecraft:diorite":1,"minecraft:spruce_sapling":9,"minecraft:blast_furnace":58,"minecraft:mangrove_sign":1,"minecraft:spruce_log":44,"minecraft:carrot":14,"minecraft:cyan_bed":6,"minecraft:dark_oak_planks":5,"minecraft:stone_sword":1,"minecraft:arrow":21,"minecraft:blue_terracotta":14,"minecraft:purple_bed":2,"minecraft:rotten_flesh":6,"minecraft:stone_axe":3,"minecraft:gold_ingot":4,"minecraft:golden_apple":2,"minecraft:emerald":5,"minecraft:bread":28,"minecraft:obsidian":7,"minecraft:netherrack":2,"minecraft:damaged_anvil":1,"minecraft:dark_oak_fence":1,"minecraft:coal":4,"minecraft:cobblestone":27},"minecraft:dropped":{"minecraft:stone_axe":1,"minecraft:blue_terracotta":14,"minecraft:piston":1,"minecraft:wheat_seeds":3,"minecraft:glass_bottle":1,"minecraft:bowl":1,"minecraft:dark_oak_slab":4,"minecraft:oak_fence":2,"minecraft:rotten_flesh":6,"minecraft:purple_concrete":10,"minecraft:carrot":14,"minecraft:stick":1,"minecraft:dirt":4,"minecraft:dark_oak_fence":1,"minecraft:spruce_planks":16,"minecraft:wooden_axe":4,"minecraft:red_nether_bricks":4,"minecraft:stone_pickaxe":1,"minecraft:wooden_pickaxe":4,"minecraft:calcite":2,"minecraft:dark_oak_planks":5,"minecraft:cyan_carpet":5,"minecraft:spruce_sapling":9},"minecraft:custom":{"minecraft:mob_kills":14,"minecraft:interact_with_crafting_table":7,"minecraft:open_barrel":14,"minecraft:sleep_in_bed":2,"minecraft:time_since_death":9659,"minecraft:climb_one_cm":1958,"minecraft:time_since_rest":6323,"minecraft:sprint_one_cm":69359,"minecraft:damage_taken":1713,"minecraft:walk_one_cm":79670,"minecraft:drop":37,"minecraft:damage_dealt":3477,"minecraft:fly_one_cm":263261,"minecraft:open_chest":10,"minecraft:crouch_one_cm":1890,"minecraft:play_time":43939,"minecraft:deaths":4,"minecraft:sneak_time":2488,"minecraft:interact_with_lectern":1,"minecraft:jump":660,"minecraft:interact_with_brewingstand":1,"minecraft:walk_on_water_one_cm":4535,"minecraft:total_world_time":43939,"minecraft:fall_one_cm":23575}},"DataVersion":3953}