{"stats":{"minecraft:dropped":{"minecraft:birch_sapling":36},"minecraft:used":{"minecraft:wooden_axe":21,"minecraft:moss_carpet":2,"minecraft:birch_sapling":2,"minecraft:wooden_pickaxe":8,"minecraft:dirt":3,"minecraft:crafting_table":2,"minecraft:andesite":1},"minecraft:broken":{"minecraft:wooden_axe":1},"minecraft:picked_up":{"minecraft:birch_log":51,"minecraft:stick":20,"minecraft:andesite":1,"minecraft:birch_planks":2,"minecraft:blue_bed":1,"minecraft:dirt":10,"minecraft:moss_carpet":2,"minecraft:sugar_cane":4,"minecraft:birch_sapling":38,"minecraft:cobblestone":6,"minecraft:book":30},"minecraft:crafted":{"minecraft:crafting_table":2,"minecraft:stick":4,"minecraft:wooden_pickaxe":1,"minecraft:wooden_axe":1,"minecraft:birch_planks":20},"minecraft:mined":{"minecraft:birch_sapling":2,"minecraft:birch_planks":2,"minecraft:birch_log":11,"minecraft:andesite":1,"minecraft:birch_leaves":3,"minecraft:moss_carpet":2,"minecraft:bookshelf":10,"minecraft:dirt":10,"minecraft:stone":7,"minecraft:sugar_cane":1,"minecraft:blue_bed":1},"minecraft:custom":{"minecraft:time_since_rest":5813,"minecraft:sprint_one_cm":15733,"lootr:looted_stat":4,"minecraft:walk_one_cm":15316,"minecraft:drop":4,"minecraft:interact_with_crafting_table":2,"minecraft:swim_one_cm":8092,"minecraft:fly_one_cm":6395,"minecraft:crouch_one_cm":203,"minecraft:play_time":5813,"minecraft:sneak_time":588,"minecraft:walk_under_water_one_cm":123,"minecraft:jump":38,"minecraft:walk_on_water_one_cm":1571,"minecraft:time_since_death":5813,"minecraft:total_world_time":5813,"minecraft:fall_one_cm":418}},"DataVersion":3953}