{"stats":{"minecraft:mined":{"minecraft:oak_sapling":1,"minecraft:quartz_stairs":1,"visualworkbench:minecraft/crafting_table":1,"minecraft:short_grass":8,"minecraft:grass_block":4,"minecraft:andesite_slab":1,"minecraft:coal_block":1,"minecraft:tall_grass":1,"minecraft:cobblestone":5,"minecraft:raw_iron_block":4,"minecraft:acacia_sapling":1,"minecraft:iron_ore":16,"minecraft:gold_block":9,"minecraft:oak_log":4,"minecraft:coal_ore":14,"minecraft:cobblestone_slab":1,"minecraft:dirt":4,"minecraft:stone":46,"minecraft:white_wool":2,"minecraft:iron_trapdoor":2},"minecraft:broken":{"minecraft:golden_pickaxe":1,"minecraft:wooden_axe":1},"minecraft:used":{"minecraft:stone_pickaxe":40,"minecraft:baked_potato":2,"minecraft:andesite_slab":1,"minecraft:wooden_pickaxe":14,"minecraft:quartz_stairs":1,"minecraft:cobblestone_slab":1,"minecraft:dirt":2,"minecraft:crafting_table":2,"minecraft:white_bed":1,"minecraft:acacia_sapling":1,"minecraft:wooden_axe":4,"minecraft:apple":1,"minecraft:lantern":3,"minecraft:iron_axe":2,"minecraft:iron_pickaxe":21,"minecraft:stone_axe":1,"minecraft:cobblestone":8,"minecraft:iron_trapdoor":2,"minecraft:egg":1,"minecraft:golden_pickaxe":32},"minecraft:custom":{"minecraft:interact_with_furnace":12,"minecraft:interact_with_crafting_table":17,"minecraft:open_barrel":13,"minecraft:interact_with_campfire":1,"minecraft:time_since_death":17789,"minecraft:sleep_in_bed":1,"minecraft:time_since_rest":3457,"minecraft:sprint_one_cm":35930,"minecraft:damage_taken":20,"minecraft:walk_one_cm":42513,"minecraft:drop":20,"minecraft:swim_one_cm":4613,"minecraft:fly_one_cm":33824,"minecraft:open_chest":6,"minecraft:crouch_one_cm":358,"minecraft:play_time":17789,"minecraft:sneak_time":861,"minecraft:walk_under_water_one_cm":86,"minecraft:jump":181,"minecraft:walk_on_water_one_cm":85,"minecraft:total_world_time":17789,"minecraft:fall_one_cm":5136},"minecraft:picked_up":{"minecraft:crafting_table":1,"minecraft:iron_trapdoor":2,"minecraft:gold_block":9,"minecraft:oak_log":24,"minecraft:dirt":8,"minecraft:lantern":4,"minecraft:wheat_seeds":3,"minecraft:iron_ingot":13,"minecraft:cobblestone_slab":1,"minecraft:iron_pickaxe":1,"minecraft:quartz_stairs":1,"minecraft:coal_block":1,"minecraft:acacia_sapling":10,"minecraft:egg":1,"minecraft:stick":3,"minecraft:raw_iron":16,"minecraft:acacia_log":63,"minecraft:raw_iron_block":4,"minecraft:stone_axe":1,"minecraft:spruce_sign":13,"minecraft:baked_potato":8,"minecraft:oak_sapling":6,"minecraft:coal":14,"minecraft:andesite_slab":1,"minecraft:white_wool":3,"minecraft:cobblestone":51},"minecraft:crafted":{"minecraft:oak_planks":16,"minecraft:raw_iron":18,"minecraft:crafting_table":2,"minecraft:wooden_pickaxe":1,"minecraft:stone_axe":1,"minecraft:air":0,"minecraft:iron_chestplate":2,"minecraft:iron_axe":1,"minecraft:stick":12,"minecraft:iron_ingot":35,"minecraft:iron_pickaxe":1,"minecraft:stone_pickaxe":1,"minecraft:wooden_axe":1,"minecraft:white_bed":1,"minecraft:acacia_planks":12,"minecraft:torch":4},"minecraft:dropped":{"minecraft:spruce_sign":13,"minecraft:bread":15,"minecraft:stone_axe":1,"minecraft:wheat_seeds":3,"minecraft:raw_iron":6,"minecraft:lantern":1,"minecraft:acacia_log":15,"minecraft:coal":3,"minecraft:coal_block":1,"minecraft:dirt":6,"minecraft:iron_chestplate":1,"minecraft:acacia_sapling":9,"minecraft:raw_iron_block":2,"minecraft:wooden_pickaxe":1,"minecraft:stone_pickaxe":1,"minecraft:iron_pickaxe":1}},"DataVersion":3953}