{"stats":{"minecraft:dropped":{"minecraft:wheat_seeds":1,"minecraft:granite":7,"minecraft:wooden_pickaxe":1},"minecraft:used":{"minecraft:dirt":9,"minecraft:crafting_table":1,"minecraft:wooden_pickaxe":27},"minecraft:custom":{"minecraft:time_since_rest":4387,"minecraft:crouch_one_cm":58,"minecraft:play_time":4387,"minecraft:sprint_one_cm":3669,"minecraft:damage_taken":10,"minecraft:walk_one_cm":6951,"minecraft:sneak_time":297,"minecraft:drop":3,"minecraft:jump":69,"minecraft:time_since_death":4387,"minecraft:total_world_time":4387,"minecraft:interact_with_crafting_table":6,"minecraft:fall_one_cm":836,"minecraft:fly_one_cm":12408},"minecraft:picked_up":{"minecraft:wheat_seeds":1,"minecraft:spruce_planks":2,"minecraft:granite":7,"minecraft:spruce_sapling":1,"minecraft:spruce_log":31,"minecraft:dirt":15,"minecraft:cobblestone":10},"minecraft:mined":{"minecraft:granite":7,"minecraft:short_grass":1,"minecraft:spruce_planks":2,"minecraft:dirt":16,"minecraft:packed_ice":1,"minecraft:spruce_log":3,"minecraft:stone":10},"minecraft:crafted":{"minecraft:crafting_table":1,"minecraft:spruce_planks":12,"minecraft:stick":8,"minecraft:stone_pickaxe":1,"minecraft:wooden_pickaxe":1,"minecraft:wooden_axe":1}},"DataVersion":3953}