{"stats":{"minecraft:dropped":{"minecraft:birch_sapling":36,"minecraft:wooden_pickaxe":1},"minecraft:killed":{"minecraft:cow":7},"minecraft:used":{"minecraft:wooden_axe":21,"minecraft:moss_carpet":2,"minecraft:bread":4,"minecraft:stone_pickaxe":8,"minecraft:birch_sapling":2,"minecraft:wooden_pickaxe":13,"minecraft:stone_axe":11,"minecraft:dirt":10,"minecraft:crafting_table":3,"minecraft:andesite":1},"minecraft:broken":{"minecraft:wooden_axe":1},"minecraft:picked_up":{"minecraft:birch_log":51,"minecraft:crafting_table":1,"minecraft:stick":20,"minecraft:andesite":1,"minecraft:leather":6,"minecraft:birch_planks":2,"minecraft:blue_bed":1,"minecraft:dirt":10,"minecraft:moss_carpet":2,"minecraft:beef":18,"minecraft:sugar_cane":4,"minecraft:birch_sapling":38,"minecraft:cobblestone":20,"minecraft:book":30},"minecraft:crafted":{"minecraft:crafting_table":3,"minecraft:stick":8,"minecraft:stone_pickaxe":1,"minecraft:wooden_pickaxe":1,"minecraft:wooden_axe":1,"minecraft:birch_planks":20,"minecraft:stone_axe":1},"minecraft:mined":{"minecraft:birch_sapling":2,"minecraft:birch_planks":2,"minecraft:birch_log":11,"minecraft:andesite":1,"minecraft:birch_leaves":3,"minecraft:moss_carpet":2,"visualworkbench:minecraft/crafting_table":1,"minecraft:bookshelf":10,"minecraft:dirt":10,"minecraft:stone":20,"minecraft:sugar_cane":1,"minecraft:blue_bed":1},"minecraft:custom":{"minecraft:time_since_rest":10946,"minecraft:sprint_one_cm":43346,"lootr:looted_stat":4,"minecraft:damage_taken":90,"minecraft:walk_one_cm":25832,"minecraft:mob_kills":7,"minecraft:drop":5,"minecraft:damage_dealt":771,"minecraft:interact_with_crafting_table":4,"minecraft:swim_one_cm":13819,"minecraft:fly_one_cm":47937,"minecraft:crouch_one_cm":554,"minecraft:play_time":10946,"minecraft:sneak_time":806,"minecraft:walk_under_water_one_cm":210,"minecraft:jump":193,"minecraft:leave_game":1,"minecraft:walk_on_water_one_cm":2537,"minecraft:time_since_death":10946,"minecraft:total_world_time":10946,"minecraft:fall_one_cm":5132}},"DataVersion":3953}