{"stats":{"minecraft:killed":{"minecraft:sheep":1},"minecraft:dropped":{"minecraft:spruce_sapling":1},"minecraft:used":{"minecraft:wooden_axe":1,"minecraft:white_wool":1,"minecraft:crafting_table":2,"minecraft:spruce_planks":20},"minecraft:custom":{"minecraft:time_since_rest":2585,"minecraft:crouch_one_cm":968,"minecraft:play_time":2585,"minecraft:sprint_one_cm":4534,"minecraft:walk_one_cm":4933,"minecraft:sneak_time":311,"minecraft:mob_kills":1,"minecraft:drop":1,"minecraft:jump":60,"minecraft:damage_dealt":90,"minecraft:time_since_death":2585,"minecraft:total_world_time":2585,"minecraft:interact_with_crafting_table":2,"minecraft:fall_one_cm":1045,"minecraft:fly_one_cm":11990},"minecraft:picked_up":{"minecraft:crafting_table":2,"minecraft:wooden_pickaxe":1,"minecraft:spruce_sapling":1,"minecraft:spruce_log":8,"minecraft:mutton":2,"minecraft:white_wool":1},"minecraft:mined":{"minecraft:short_grass":4,"minecraft:spruce_leaves":1,"minecraft:spruce_log":8,"visualworkbench:minecraft/crafting_table":2},"minecraft:crafted":{"minecraft:crafting_table":1,"minecraft:spruce_planks":32,"minecraft:stick":4,"minecraft:wooden_axe":1}},"DataVersion":3953}