{"stats":{"minecraft:dropped":{"minecraft:brown_mushroom":5,"minecraft:wooden_pickaxe":1,"minecraft:birch_sapling":14},"minecraft:used":{"minecraft:stone_axe":11,"minecraft:dirt":5,"minecraft:crafting_table":1,"minecraft:birch_sapling":2,"minecraft:wooden_pickaxe":8},"minecraft:picked_up":{"minecraft:birch_log":55,"minecraft:stick":8,"minecraft:brown_mushroom":5,"minecraft:birch_sapling":16,"minecraft:dirt":5,"minecraft:cobblestone":8},"minecraft:crafted":{"minecraft:birch_planks":220,"minecraft:stone_axe":1,"minecraft:crafting_table":1,"minecraft:stick":4,"minecraft:wooden_pickaxe":1},"minecraft:custom":{"minecraft:time_since_rest":3011,"minecraft:crouch_one_cm":605,"minecraft:play_time":3011,"minecraft:sprint_one_cm":4551,"minecraft:walk_one_cm":4557,"minecraft:sneak_time":764,"minecraft:drop":19,"minecraft:jump":34,"minecraft:time_since_death":3011,"minecraft:walk_on_water_one_cm":161,"minecraft:total_world_time":3011,"minecraft:interact_with_crafting_table":3,"minecraft:fall_one_cm":685,"minecraft:fly_one_cm":6629},"minecraft:mined":{"minecraft:birch_sapling":2,"minecraft:short_grass":6,"minecraft:grass_block":1,"minecraft:dirt":4,"minecraft:birch_log":8,"minecraft:stone":8}},"DataVersion":3953}