{"stats":{"minecraft:killed":{"minecraft:husk":3,"minecraft:skeleton":8,"minecraft:pillager":3,"minecraft:zombie":1,"minecraft:stray":1},"minecraft:used":{"minecraft:cooked_mutton":1,"minecraft:water_bucket":2,"minecraft:leather_leggings":1,"minecraft:stone_sword":7,"minecraft:polished_deepslate":1,"minecraft:tropical_fish":1,"minecraft:cyan_candle":4,"minecraft:mangrove_planks":3,"minecraft:shield":3,"minecraft:spruce_planks":13,"minecraft:wooden_pickaxe":45,"minecraft:iron_sword":32,"minecraft:white_wool":8,"minecraft:iron_chestplate":1,"minecraft:cookie":7,"minecraft:golden_apple":2,"minecraft:stripped_mangrove_wood":5,"minecraft:dark_oak_trapdoor":1,"minecraft:crafting_table":5,"minecraft:cake":1,"minecraft:lightning_rod":2,"minecraft:dark_oak_planks":50,"minecraft:iron_axe":37,"minecraft:bread":3,"minecraft:iron_pickaxe":34,"minecraft:red_terracotta":2,"minecraft:spruce_sapling":1,"minecraft:item_frame":1,"minecraft:stone_axe":26,"minecraft:bow":2,"minecraft:purple_bed":1,"minecraft:goat_horn":14,"minecraft:cooked_porkchop":4,"minecraft:bucket":3,"minecraft:cooked_beef":1,"minecraft:potato":1,"minecraft:beetroot_soup":1,"minecraft:experience_bottle":4},"minecraft:mined":{"minecraft:dark_oak_planks":12,"minecraft:spruce_planks":8,"minecraft:red_nether_bricks":4,"minecraft:oak_fence":1,"visualworkbench:minecraft/crafting_table":2,"minecraft:dark_oak_fence":1,"minecraft:blast_furnace":2,"minecraft:calcite":26,"minecraft:chest":1,"minecraft:lightning_rod":2,"minecraft:diorite":2,"minecraft:spawner":5,"minecraft:purple_bed":2,"minecraft:red_terracotta":2,"minecraft:blue_terracotta":7,"minecraft:dark_oak_trapdoor":1,"minecraft:spruce_log":6,"minecraft:purple_concrete":5,"minecraft:polished_deepslate":1,"minecraft:bookshelf":3,"minecraft:coal_ore":4,"minecraft:stone":8,"minecraft:stripped_mangrove_wood":13,"minecraft:stone_bricks":1,"minecraft:gold_ore":2,"minecraft:piston":1,"minecraft:cyan_candle":1},"minecraft:crafted":{"minecraft:crafting_table":3,"minecraft:spruce_planks":32,"minecraft:wooden_pickaxe":1,"minecraft:mangrove_planks":20,"minecraft:bucket":1,"minecraft:stone_axe":1,"minecraft:iron_chestplate":1,"minecraft:shield":1,"minecraft:iron_axe":1,"minecraft:stick":8,"minecraft:iron_pickaxe":1,"minecraft:dark_oak_planks":60},"minecraft:killed_by":{"minecraft:husk":1},"minecraft:picked_up":{"minecraft:wooden_axe":2,"minecraft:crafting_table":2,"minecraft:wooden_pickaxe":2,"minecraft:polished_deepslate":1,"minecraft:dark_oak_trapdoor":1,"minecraft:red_nether_bricks":4,"minecraft:beetroot_soup":1,"minecraft:item_frame":1,"minecraft:bone":12,"minecraft:raw_gold":2,"minecraft:spruce_planks":12,"minecraft:stone_pickaxe":1,"minecraft:calcite":25,"minecraft:cyan_candle":4,"minecraft:chest":1,"minecraft:piston":1,"minecraft:purple_concrete":5,"minecraft:book":9,"minecraft:dark_oak_slab":8,"minecraft:stick":7,"minecraft:stripped_mangrove_wood":12,"minecraft:oak_fence":1,"minecraft:bowl":1,"minecraft:lightning_rod":2,"minecraft:blast_furnace":2,"minecraft:spruce_sapling":1,"minecraft:carrot":12,"minecraft:diorite":7,"minecraft:spruce_log":8,"minecraft:red_terracotta":2,"minecraft:dark_oak_planks":14,"minecraft:arrow":4,"minecraft:purple_bed":1,"minecraft:blue_terracotta":7,"minecraft:rotten_flesh":1,"minecraft:tropical_fish":1,"minecraft:pumpkin_pie":1,"minecraft:peony":1,"minecraft:gold_ingot":2,"minecraft:golden_apple":2,"minecraft:glistering_melon_slice":2,"minecraft:dark_oak_fence":1,"minecraft:coal":4,"minecraft:cobblestone":8},"minecraft:dropped":{"minecraft:blue_terracotta":7,"minecraft:piston":1,"minecraft:stripped_mangrove_wood":2,"minecraft:bowl":2,"minecraft:dark_oak_slab":8,"minecraft:oak_fence":1,"minecraft:rotten_flesh":1,"minecraft:purple_concrete":5,"minecraft:stick":6,"minecraft:emerald":1,"minecraft:potato":1,"minecraft:diorite":7,"minecraft:dark_oak_fence":1,"minecraft:peony":1,"minecraft:wooden_axe":2,"minecraft:chest":1,"minecraft:red_nether_bricks":4,"minecraft:stone_pickaxe":1,"minecraft:wooden_pickaxe":1,"minecraft:raw_gold":2,"minecraft:calcite":17,"minecraft:gold_ingot":2,"minecraft:bone":12},"minecraft:custom":{"minecraft:mob_kills":18,"minecraft:interact_with_crafting_table":7,"minecraft:open_barrel":17,"minecraft:eat_cake_slice":10,"minecraft:time_since_death":17243,"minecraft:climb_one_cm":2954,"minecraft:time_since_rest":17271,"minecraft:walk_one_cm":45892,"minecraft:damage_taken":1394,"minecraft:sprint_one_cm":88320,"minecraft:damage_absorbed":80,"minecraft:damage_blocked_by_shield":195,"minecraft:drop":28,"minecraft:damage_dealt":4657,"minecraft:fly_one_cm":101931,"minecraft:open_chest":19,"minecraft:crouch_one_cm":6796,"minecraft:play_time":25789,"minecraft:deaths":1,"minecraft:sneak_time":4170,"minecraft:walk_under_water_one_cm":553,"minecraft:jump":494,"minecraft:interact_with_blast_furnace":1,"minecraft:walk_on_water_one_cm":285,"minecraft:total_world_time":25789,"minecraft:fall_one_cm":14466}},"DataVersion":3953}