{"stats":{"minecraft:picked_up":{"minecraft:crafting_table":1,"minecraft:sand":58,"minecraft:oak_log":1},"minecraft:used":{"minecraft:sand":16,"minecraft:crafting_table":1,"minecraft:iron_sword":4},"minecraft:killed":{"minecraft:husk":1,"minecraft:player":1},"minecraft:mined":{"minecraft:oak_log":1,"minecraft:sand":36,"visualworkbench:minecraft/crafting_table":1},"minecraft:crafted":{"minecraft:iron_sword":1,"minecraft:oak_planks":4,"minecraft:crafting_table":1},"minecraft:custom":{"minecraft:time_since_rest":14352,"minecraft:crouch_one_cm":33,"minecraft:play_time":14352,"lootr:looted_stat":1,"minecraft:sprint_one_cm":24867,"minecraft:damage_taken":1696,"minecraft:walk_one_cm":23670,"minecraft:sneak_time":17,"minecraft:walk_under_water_one_cm":600,"minecraft:mob_kills":1,"minecraft:drop":3,"minecraft:jump":622,"minecraft:damage_dealt":3885,"minecraft:time_since_death":14352,"minecraft:walk_on_water_one_cm":253,"minecraft:total_world_time":14352,"minecraft:climb_one_cm":1314,"minecraft:swim_one_cm":3634,"minecraft:interact_with_crafting_table":1,"minecraft:fall_one_cm":12278,"minecraft:fly_one_cm":62693,"minecraft:player_kills":2},"minecraft:dropped":{"minecraft:sand":42}},"DataVersion":3953}