{"stats":{"minecraft:dropped":{"minecraft:brown_mushroom":5,"minecraft:birch_sapling":20,"minecraft:wooden_pickaxe":1},"minecraft:killed":{"minecraft:cow":1},"minecraft:used":{"minecraft:birch_planks":43,"minecraft:bread":2,"minecraft:birch_sapling":2,"minecraft:wooden_pickaxe":9,"minecraft:stone_axe":16,"minecraft:dirt":5,"minecraft:crafting_table":1},"minecraft:picked_up":{"minecraft:birch_log":55,"minecraft:stick":8,"minecraft:crafting_table":1,"minecraft:sweet_berries":2,"minecraft:brown_mushroom":5,"minecraft:wooden_pickaxe":1,"minecraft:dirt":5,"minecraft:red_bed":1,"minecraft:birch_sapling":22,"minecraft:cobblestone":8,"minecraft:furnace":1},"minecraft:crafted":{"minecraft:crafting_table":1,"minecraft:stick":4,"minecraft:wooden_pickaxe":1,"minecraft:birch_planks":220,"minecraft:stone_axe":1},"minecraft:mined":{"minecraft:birch_sapling":2,"minecraft:furnace":1,"minecraft:red_bed":1,"minecraft:birch_log":8,"minecraft:crafting_table":1,"minecraft:short_grass":12,"minecraft:grass_block":1,"minecraft:dirt":4,"minecraft:stone":8},"minecraft:custom":{"minecraft:time_since_rest":8144,"minecraft:interact_with_furnace":1,"lootr:looted_stat":4,"minecraft:sprint_one_cm":31438,"minecraft:damage_taken":10,"minecraft:walk_one_cm":8228,"minecraft:mob_kills":1,"minecraft:drop":20,"minecraft:damage_dealt":119,"minecraft:interact_with_crafting_table":3,"minecraft:swim_one_cm":6598,"minecraft:fly_one_cm":71224,"minecraft:crouch_one_cm":605,"minecraft:play_time":8144,"minecraft:sneak_time":842,"minecraft:walk_under_water_one_cm":187,"minecraft:jump":274,"minecraft:leave_game":1,"minecraft:walk_on_water_one_cm":1895,"minecraft:time_since_death":8144,"minecraft:total_world_time":8144,"minecraft:fall_one_cm":8615}},"DataVersion":3953}