{"stats":{"minecraft:killed":{"minecraft:husk":3,"minecraft:pillager":1},"minecraft:used":{"minecraft:cooked_mutton":1,"minecraft:leather_leggings":1,"minecraft:stone_sword":7,"minecraft:polished_deepslate":1,"minecraft:tropical_fish":1,"minecraft:spruce_planks":13,"minecraft:wooden_pickaxe":41,"minecraft:iron_sword":3,"minecraft:golden_apple":1,"minecraft:stripped_mangrove_wood":5,"minecraft:dark_oak_trapdoor":1,"minecraft:crafting_table":2,"minecraft:cake":1,"minecraft:dark_oak_planks":15,"minecraft:red_terracotta":2,"minecraft:spruce_sapling":1,"minecraft:item_frame":1,"minecraft:stone_axe":26,"minecraft:bow":1,"minecraft:purple_bed":1,"minecraft:goat_horn":2,"minecraft:cooked_porkchop":1,"minecraft:cooked_beef":1,"minecraft:potato":1,"minecraft:beetroot_soup":1,"minecraft:experience_bottle":2},"minecraft:mined":{"minecraft:dark_oak_planks":2,"minecraft:spruce_planks":7,"visualworkbench:minecraft/crafting_table":1,"minecraft:calcite":10,"minecraft:spawner":3,"minecraft:purple_bed":2,"minecraft:red_terracotta":2,"minecraft:blue_terracotta":5,"minecraft:dark_oak_trapdoor":1,"minecraft:spruce_log":6,"minecraft:purple_concrete":3,"minecraft:polished_deepslate":1,"minecraft:coal_ore":4,"minecraft:stone":8,"minecraft:stripped_mangrove_wood":8,"minecraft:stone_bricks":1},"minecraft:crafted":{"minecraft:crafting_table":1,"minecraft:spruce_planks":32,"minecraft:wooden_pickaxe":1,"minecraft:stone_axe":1,"minecraft:stick":4,"minecraft:dark_oak_planks":24},"minecraft:killed_by":{"minecraft:husk":1},"minecraft:picked_up":{"minecraft:crafting_table":1,"minecraft:wooden_pickaxe":1,"minecraft:polished_deepslate":1,"minecraft:dark_oak_trapdoor":1,"minecraft:beetroot_soup":1,"minecraft:item_frame":1,"minecraft:spruce_planks":5,"minecraft:calcite":8,"minecraft:purple_concrete":3,"minecraft:stick":1,"minecraft:stripped_mangrove_wood":7,"minecraft:spruce_sapling":1,"minecraft:spruce_log":8,"minecraft:red_terracotta":2,"minecraft:dark_oak_planks":2,"minecraft:purple_bed":1,"minecraft:blue_terracotta":5,"minecraft:tropical_fish":1,"minecraft:peony":1,"minecraft:coal":4,"minecraft:cobblestone":8},"minecraft:dropped":{"minecraft:stripped_mangrove_wood":2,"minecraft:bowl":1,"minecraft:emerald":1,"minecraft:potato":1,"minecraft:peony":1},"minecraft:custom":{"minecraft:mob_kills":5,"minecraft:interact_with_crafting_table":2,"minecraft:open_barrel":13,"minecraft:eat_cake_slice":10,"minecraft:time_since_death":5243,"minecraft:climb_one_cm":992,"minecraft:time_since_rest":5271,"minecraft:walk_one_cm":23069,"minecraft:damage_taken":818,"minecraft:sprint_one_cm":47448,"minecraft:damage_absorbed":40,"minecraft:drop":5,"minecraft:damage_dealt":1906,"minecraft:fly_one_cm":87092,"minecraft:open_chest":6,"minecraft:crouch_one_cm":3230,"minecraft:play_time":13789,"minecraft:deaths":1,"minecraft:sneak_time":2306,"minecraft:jump":318,"minecraft:interact_with_blast_furnace":1,"minecraft:total_world_time":13789,"minecraft:fall_one_cm":12674}},"DataVersion":3953}