{"stats":{"minecraft:killed":{"minecraft:skeleton":11,"minecraft:husk":5,"minecraft:iron_golem":1,"minecraft:frog":1,"minecraft:sheep":1,"minecraft:pillager":4,"minecraft:zombie":2,"minecraft:stray":1},"minecraft:used":{"minecraft:stone_sword":7,"minecraft:polished_deepslate":1,"minecraft:tropical_fish":1,"minecraft:spruce_planks":34,"minecraft:shield":3,"minecraft:iron_sword":78,"minecraft:cooked_chicken":3,"minecraft:iron_chestplate":1,"minecraft:dirt":2,"minecraft:carrot":21,"minecraft:dark_oak_planks":104,"minecraft:iron_axe":70,"minecraft:iron_boots":2,"minecraft:item_frame":1,"minecraft:bow":5,"minecraft:goat_horn":39,"minecraft:potato":1,"minecraft:cooked_beef":2,"minecraft:beetroot_soup":1,"minecraft:mangrove_boat":3,"minecraft:cooked_mutton":1,"minecraft:water_bucket":15,"minecraft:leather_leggings":1,"minecraft:cyan_candle":4,"minecraft:mangrove_planks":11,"minecraft:wooden_pickaxe":45,"minecraft:leather_boots":2,"minecraft:cookie":7,"minecraft:white_wool":73,"minecraft:golden_apple":2,"minecraft:stripped_mangrove_wood":5,"minecraft:dark_oak_trapdoor":1,"minecraft:crafting_table":7,"minecraft:cake":1,"minecraft:lightning_rod":2,"minecraft:bread":4,"minecraft:iron_pickaxe":54,"minecraft:red_terracotta":2,"minecraft:spruce_sapling":1,"minecraft:stone_axe":26,"minecraft:purple_bed":1,"minecraft:cooked_porkchop":4,"minecraft:bucket":16,"minecraft:experience_bottle":4},"minecraft:mined":{"minecraft:dark_oak_planks":19,"minecraft:spruce_planks":10,"minecraft:red_nether_bricks":13,"minecraft:dark_oak_fence":1,"minecraft:grass_block":2,"minecraft:mangrove_fence":1,"minecraft:mangrove_trapdoor":2,"minecraft:spawner":10,"minecraft:black_stained_glass_pane":3,"minecraft:dark_oak_trapdoor":2,"minecraft:stripped_dark_oak_wood":4,"minecraft:polished_deepslate":1,"minecraft:bookshelf":3,"minecraft:flowering_azalea_leaves":1,"minecraft:lantern":1,"minecraft:smooth_quartz_stairs":1,"minecraft:stripped_mangrove_wood":14,"minecraft:stone":8,"minecraft:white_wool":6,"minecraft:glass_pane":2,"minecraft:oak_fence":1,"visualworkbench:minecraft/crafting_table":3,"minecraft:short_grass":20,"minecraft:blast_furnace":3,"minecraft:calcite":27,"minecraft:chest":2,"minecraft:lightning_rod":2,"minecraft:diorite":2,"minecraft:purple_bed":2,"minecraft:red_terracotta":2,"minecraft:blue_terracotta":7,"minecraft:stripped_spruce_wood":2,"minecraft:spruce_log":6,"minecraft:purple_concrete":5,"minecraft:wither_rose":1,"minecraft:coal_ore":4,"minecraft:gray_carpet":1,"minecraft:stone_bricks":1,"minecraft:gold_ore":2,"minecraft:piston":1,"minecraft:cyan_candle":1,"minecraft:fern":2},"minecraft:crafted":{"minecraft:mangrove_boat":1,"minecraft:flint_and_steel":1,"minecraft:iron_axe":1,"minecraft:dark_oak_planks":92,"minecraft:crafting_table":4,"minecraft:spruce_planks":40,"minecraft:wooden_pickaxe":1,"minecraft:mangrove_planks":20,"minecraft:bucket":1,"minecraft:stone_axe":1,"minecraft:iron_chestplate":2,"minecraft:shield":1,"minecraft:stick":8,"minecraft:iron_pickaxe":1,"minecraft:iron_leggings":1},"minecraft:killed_by":{"minecraft:husk":2},"minecraft:picked_up":{"minecraft:wooden_axe":2,"minecraft:iron_chestplate":1,"minecraft:crafting_table":4,"minecraft:wooden_pickaxe":2,"minecraft:enchanted_book":2,"minecraft:wither_rose":2,"minecraft:potion":4,"minecraft:shield":1,"minecraft:polished_deepslate":1,"minecraft:dark_oak_trapdoor":2,"minecraft:iron_axe":1,"minecraft:red_nether_bricks":19,"minecraft:beetroot_soup":2,"minecraft:item_frame":1,"minecraft:spruce_planks":15,"minecraft:calcite":25,"minecraft:poppy":2,"minecraft:iron_pickaxe":1,"minecraft:chest":1,"minecraft:smooth_quartz_stairs":2,"minecraft:piston":1,"minecraft:iron_boots":1,"minecraft:stick":7,"minecraft:stripped_mangrove_wood":12,"minecraft:oak_fence":1,"minecraft:bowl":1,"minecraft:lightning_rod":2,"minecraft:diorite":7,"minecraft:carrot":44,"minecraft:goat_horn":2,"minecraft:dark_oak_planks":72,"minecraft:arrow":37,"minecraft:rotten_flesh":7,"minecraft:tropical_fish":1,"minecraft:pumpkin_pie":2,"minecraft:peony":1,"minecraft:red_tulip":2,"minecraft:glistering_melon_slice":4,"minecraft:gold_ingot":2,"minecraft:mutton":2,"minecraft:white_wool":7,"minecraft:cobblestone":8,"minecraft:leather_chestplate":2,"minecraft:cooked_beef":1,"minecraft:water_bucket":1,"minecraft:golden_leggings":1,"minecraft:red_mushroom":1,"minecraft:potato":27,"minecraft:filled_map":1,"minecraft:stripped_spruce_wood":2,"minecraft:dirt":4,"minecraft:mangrove_boat":2,"minecraft:bone":20,"minecraft:gray_carpet":2,"minecraft:bow":1,"minecraft:wheat_seeds":1,"minecraft:raw_gold":2,"minecraft:iron_ingot":25,"minecraft:stone_pickaxe":1,"minecraft:cooked_chicken":3,"minecraft:cyan_candle":4,"minecraft:mangrove_planks":17,"minecraft:iron_sword":1,"minecraft:purple_concrete":5,"minecraft:book":18,"minecraft:dark_oak_slab":8,"minecraft:spruce_sapling":1,"minecraft:blast_furnace":6,"minecraft:spruce_log":8,"minecraft:red_terracotta":2,"minecraft:blue_terracotta":7,"minecraft:purple_bed":1,"minecraft:iron_helmet":1,"minecraft:golden_apple":2,"minecraft:bread":3,"minecraft:dark_oak_fence":1,"minecraft:coal":13},"minecraft:dropped":{"minecraft:enchanted_book":1,"minecraft:piston":1,"minecraft:wheat_seeds":1,"minecraft:stripped_mangrove_wood":2,"minecraft:smooth_quartz_stairs":1,"minecraft:dark_oak_slab":8,"minecraft:oak_fence":1,"minecraft:purple_concrete":5,"minecraft:golden_apple":1,"minecraft:stick":6,"minecraft:emerald":1,"minecraft:diorite":7,"minecraft:dark_oak_fence":1,"minecraft:wooden_axe":2,"minecraft:iron_leggings":1,"minecraft:wither_rose":1,"minecraft:gray_carpet":1,"minecraft:gold_ingot":2,"minecraft:bone":12,"minecraft:blue_terracotta":7,"minecraft:goat_horn":1,"minecraft:bowl":2,"minecraft:rotten_flesh":1,"minecraft:filled_map":2,"minecraft:poppy":2,"minecraft:leather_chestplate":1,"minecraft:potato":1,"minecraft:peony":1,"minecraft:iron_chestplate":1,"minecraft:leather_boots":1,"minecraft:chest":1,"minecraft:red_nether_bricks":4,"minecraft:stone_pickaxe":1,"minecraft:wooden_pickaxe":2,"minecraft:raw_gold":2,"minecraft:calcite":17},"minecraft:custom":{"minecraft:mob_kills":28,"minecraft:interact_with_crafting_table":9,"minecraft:open_barrel":20,"minecraft:eat_cake_slice":10,"minecraft:time_since_death":18132,"minecraft:climb_one_cm":6034,"minecraft:sprint_one_cm":215114,"minecraft:walk_one_cm":80087,"minecraft:damage_blocked_by_shield":195,"minecraft:drop":43,"minecraft:play_time":55373,"minecraft:deaths":2,"minecraft:sneak_time":5687,"minecraft:walk_under_water_one_cm":27532,"minecraft:boat_one_cm":56052,"minecraft:jump":1731,"minecraft:interact_with_blast_furnace":2,"minecraft:walk_on_water_one_cm":4620,"minecraft:total_world_time":55373,"minecraft:time_since_rest":18163,"minecraft:damage_absorbed":80,"minecraft:damage_taken":2422,"minecraft:damage_dealt":7474,"minecraft:swim_one_cm":6478,"minecraft:fly_one_cm":460368,"minecraft:open_chest":31,"minecraft:crouch_one_cm":9576,"minecraft:interact_with_smoker":1,"minecraft:fall_one_cm":52668}},"DataVersion":3953}