{"stats":{"minecraft:picked_up":{"minecraft:sand":9},"minecraft:used":{"minecraft:sand":4},"minecraft:mined":{"minecraft:sand":9},"minecraft:custom":{"minecraft:jump":131,"minecraft:time_since_rest":2352,"minecraft:damage_dealt":663,"minecraft:crouch_one_cm":33,"minecraft:sprint_one_cm":6972,"minecraft:play_time":2352,"minecraft:damage_taken":177,"minecraft:time_since_death":2352,"minecraft:walk_one_cm":3657,"minecraft:sneak_time":17,"minecraft:total_world_time":2352,"minecraft:fall_one_cm":2649,"minecraft:fly_one_cm":13651}},"DataVersion":3953}