{"stats":{"minecraft:mined":{"minecraft:acacia_log":18},"minecraft:used":{"minecraft:baked_potato":2,"minecraft:acacia_planks":36},"minecraft:picked_up":{"minecraft:stick":4,"minecraft:acacia_log":18,"minecraft:acacia_sapling":2,"minecraft:egg":2},"minecraft:custom":{"minecraft:open_barrel":7,"minecraft:time_since_rest":3457,"minecraft:open_chest":3,"minecraft:crouch_one_cm":1100,"minecraft:interact_with_furnace":1,"minecraft:play_time":6252,"minecraft:sprint_one_cm":12501,"minecraft:damage_taken":60,"minecraft:walk_one_cm":8513,"minecraft:sneak_time":337,"minecraft:walk_under_water_one_cm":314,"minecraft:drop":4,"minecraft:jump":175,"minecraft:damage_dealt":75,"minecraft:walk_on_water_one_cm":260,"minecraft:time_since_death":6252,"minecraft:sleep_in_bed":1,"minecraft:total_world_time":6252,"minecraft:swim_one_cm":3499,"minecraft:fall_one_cm":4485,"minecraft:fly_one_cm":33152},"minecraft:crafted":{"minecraft:acacia_planks":72,"minecraft:crafting_table":1},"minecraft:dropped":{"minecraft:acacia_sapling":1,"minecraft:stick":2,"minecraft:egg":1}},"DataVersion":3953}