{
  "minecraft:adventure/distant_lands": {
    "criteria": {
      "minecraft:desert": "2024-08-29 19:20:51 +0000"
    },
    "done": false
  },
  "minecraft:recipes/decorations/crafting_table": {
    "criteria": {
      "unlock_right_away": "2024-08-29 19:20:50 +0000"
    },
    "done": true
  },
  "adorabuild_structures:overworld_structures": {
    "criteria": {
      "always": "2024-08-29 19:20:50 +0000"
    },
    "done": true
  },
  "minecraft:adventure/adventuring_time": {
    "criteria": {
      "minecraft:desert": "2024-08-29 19:20:51 +0000"
    },
    "done": false
  },
  "DataVersion": 3953
}